dt,x,y,position,velocity,acceleration,jerk,heading
0.010000,0.000000,0.000000,0.000015,0.003000,0.300000,30.000000,1.571082
0.010000,0.000000,0.000000,0.000075,0.009000,0.600000,30.000000,1.571071
0.010000,0.000000,0.000000,0.000210,0.018000,0.900000,30.000000,1.571048
0.010000,0.000000,0.000000,0.000450,0.030000,1.200000,30.000000,1.571007
0.010000,0.000000,0.000000,0.000825,0.045000,1.500000,30.000000,1.570942
0.010000,0.000000,0.000000,0.001365,0.063000,1.800000,30.000000,1.570848
0.010000,0.000000,0.000433,0.002100,0.084000,2.100000,30.000000,1.570721
0.010000,0.000000,0.001393,0.003060,0.108000,2.400000,30.000000,1.570555
0.010000,0.000001,0.002608,0.004275,0.135000,2.700000,30.000000,1.570345
0.010000,0.000001,0.004108,0.005775,0.165000,3.000000,30.000000,1.570086
0.010000,0.000003,0.005908,0.007575,0.195000,3.000000,-0.000000,1.569774
0.010000,0.000006,0.008008,0.009675,0.225000,3.000000,0.000000,1.569409
0.010000,0.000009,0.010408,0.012075,0.255000,3.000000,0.000000,1.568992
0.010000,0.000015,0.013108,0.014775,0.285000,3.000000,0.000000,1.568523
0.010000,0.000022,0.016108,0.017775,0.315000,3.000000,0.000000,1.568000
0.010000,0.000033,0.019408,0.021075,0.345000,3.000000,-0.000000,1.567424
0.010000,0.000046,0.023008,0.024675,0.375000,3.000000,0.000000,1.566794
0.010000,0.000063,0.026908,0.028575,0.405000,3.000000,0.000000,1.566111
0.010000,0.000084,0.031108,0.032775,0.435000,3.000000,-0.000000,1.565373
0.010000,0.000110,0.035608,0.037275,0.465000,3.000000,0.000000,1.564580
0.010000,0.000142,0.040408,0.042075,0.495000,3.000000,-0.000000,1.563732
0.010000,0.000180,0.045508,0.047175,0.525000,3.000000,0.000000,1.562829
0.010000,0.000226,0.050908,0.052575,0.555000,3.000000,0.000000,1.561870
0.010000,0.000280,0.056607,0.058275,0.585000,3.000000,0.000000,1.560854
0.010000,0.000343,0.062607,0.064275,0.615000,3.000000,0.000000,1.559781
0.010000,0.000416,0.068907,0.070575,0.645000,3.000000,0.000000,1.558651
0.010000,0.000500,0.075506,0.077175,0.675000,3.000000,0.000000,1.557462
0.010000,0.000596,0.082405,0.084075,0.705000,3.000000,0.000000,1.556214
0.010000,0.000706,0.089605,0.091275,0.735000,3.000000,0.000000,1.554907
0.010000,0.000830,0.097104,0.098775,0.765000,3.000000,-0.000000,1.553539
0.010000,0.000970,0.104902,0.106575,0.795000,3.000000,0.000000,1.552110
0.010000,0.001128,0.113001,0.114675,0.825000,3.000000,0.000000,1.550620
0.010000,0.001304,0.121399,0.123075,0.855000,3.000000,0.000000,1.549067
0.010000,0.001500,0.130097,0.131775,0.885000,3.000000,0.000000,1.547450
0.010000,0.001717,0.139094,0.140775,0.915000,3.000000,-0.000000,1.545769
0.010000,0.001958,0.148391,0.150075,0.945000,3.000000,0.000000,1.544023
0.010000,0.002224,0.157987,0.159675,0.975000,3.000000,0.000000,1.542210
0.010000,0.002516,0.167883,0.169575,1.005000,3.000000,0.000000,1.540330
0.010000,0.002837,0.178078,0.179775,1.035000,3.000000,0.000000,1.538381
0.010000,0.003188,0.188572,0.190275,1.065000,3.000000,-0.000000,1.536363
0.010000,0.003571,0.199365,0.201075,1.095000,3.000000,0.000000,1.534274
0.010000,0.003988,0.210458,0.212175,1.125000,3.000000,0.000000,1.532113
0.010000,0.004442,0.221848,0.223575,1.155000,3.000000,0.000000,1.529879
0.010000,0.004934,0.233538,0.235275,1.185000,3.000000,0.000000,1.527571
0.010000,0.005466,0.245526,0.247275,1.215000,3.000000,-0.000000,1.525186
0.010000,0.006042,0.257813,0.259575,1.245000,3.000000,0.000000,1.522724
0.010000,0.006664,0.270397,0.272175,1.275000,3.000000,-0.000000,1.520183
0.010000,0.007333,0.283280,0.285075,1.305000,3.000000,0.000000,1.517562
0.010000,0.008053,0.296460,0.298275,1.335000,3.000000,0.000000,1.514859
0.010000,0.008827,0.309938,0.311775,1.365000,3.000000,-0.000000,1.512072
0.010000,0.009657,0.323713,0.325575,1.395000,3.000000,0.000000,1.509200
0.010000,0.010545,0.337785,0.339675,1.425000,3.000000,-0.000000,1.506241
0.010000,0.011496,0.352154,0.354075,1.455000,3.000000,0.000000,1.503193
0.010000,0.012512,0.366819,0.368775,1.485000,3.000000,-0.000000,1.500053
0.010000,0.013597,0.381779,0.383775,1.515000,3.000000,0.000000,1.496821
0.010000,0.014753,0.397036,0.399075,1.545000,3.000000,-0.000000,1.493494
0.010000,0.015984,0.412587,0.414675,1.575000,3.000000,0.000000,1.490069
0.010000,0.017294,0.428433,0.430575,1.605000,3.000000,-0.000000,1.486545
0.010000,0.018687,0.444573,0.446775,1.635000,3.000000,0.000000,1.482919
0.010000,0.020165,0.461006,0.463275,1.665000,3.000000,-0.000000,1.479189
0.010000,0.021734,0.477733,0.480075,1.695000,3.000000,0.000000,1.475353
0.010000,0.023397,0.494752,0.497175,1.725000,3.000000,-0.000000,1.471407
0.010000,0.025159,0.512063,0.514575,1.755000,3.000000,0.000000,1.467349
0.010000,0.027023,0.529664,0.532275,1.785000,3.000000,0.000000,1.463176
0.010000,0.028995,0.547556,0.550275,1.815000,3.000000,0.000000,1.458886
0.010000,0.031079,0.565737,0.568575,1.845000,3.000000,0.000000,1.454475
0.010000,0.033279,0.584206,0.587175,1.875000,3.000000,0.000000,1.449941
0.010000,0.035601,0.602963,0.606075,1.905000,3.000000,0.000000,1.445280
0.010000,0.038051,0.622006,0.625275,1.935000,3.000000,0.000000,1.440489
0.010000,0.040632,0.641334,0.644775,1.965000,3.000000,0.000000,1.435564
0.010000,0.043351,0.660947,0.664575,1.995000,3.000000,0.000000,1.430503
0.010000,0.046213,0.680842,0.684675,2.025000,3.000000,0.000000,1.425301
0.010000,0.049225,0.701018,0.705075,2.055000,3.000000,-0.000000,1.419954
0.010000,0.052391,0.721475,0.725775,2.085000,3.000000,0.000000,1.414460
0.010000,0.055720,0.742209,0.746775,2.115000,3.000000,-0.000000,1.408813
0.010000,0.059216,0.763220,0.768075,2.145000,3.000000,0.000000,1.403010
0.010000,0.062886,0.784506,0.789675,2.175000,3.000000,-0.000000,1.397046
0.010000,0.066738,0.806065,0.811575,2.205000,3.000000,0.000000,1.390917
0.010000,0.070778,0.827894,0.833775,2.235000,3.000000,-0.000000,1.384620
0.010000,0.075015,0.849991,0.856275,2.265000,3.000000,0.000000,1.378148
0.010000,0.079454,0.872355,0.879075,2.295000,3.000000,-0.000000,1.371497
0.010000,0.084105,0.894982,0.902175,2.325000,3.000000,0.000000,1.364664
0.010000,0.088974,0.917870,0.925575,2.355000,3.000000,-0.000000,1.357641
0.010000,0.094071,0.941015,0.949275,2.385000,3.000000,0.000000,1.350425
0.010000,0.099404,0.964415,0.973275,2.415000,3.000000,-0.000000,1.343011
0.010000,0.104981,0.988066,0.997575,2.445000,3.000000,0.000000,1.335393
0.010000,0.110812,1.011965,1.022175,2.475000,3.000000,-0.000000,1.327565
0.010000,0.116906,1.036108,1.047075,2.505000,3.000000,0.000000,1.319522
0.010000,0.123272,1.060490,1.072275,2.535000,3.000000,0.000000,1.311259
0.010000,0.129921,1.085108,1.097775,2.565000,3.000000,0.000000,1.302770
0.010000,0.136861,1.109957,1.123575,2.595000,3.000000,-0.000000,1.294050
0.010000,0.144105,1.135032,1.149675,2.625000,3.000000,0.000000,1.285092
0.010000,0.151661,1.160327,1.176075,2.655000,3.000000,0.000000,1.275891
0.010000,0.159542,1.185838,1.202775,2.685000,3.000000,-0.000000,1.266441
0.010000,0.167758,1.211557,1.229775,2.715000,3.000000,0.000000,1.256737
0.010000,0.176320,1.237479,1.257075,2.745000,3.000000,0.000000,1.246773
0.010000,0.185241,1.263598,1.284675,2.775000,3.000000,0.000000,1.236543
0.010000,0.194532,1.289905,1.312575,2.805000,3.000000,-0.000000,1.226042
0.010000,0.204205,1.316394,1.340775,2.835000,3.000000,0.000000,1.215265
0.010000,0.214272,1.343057,1.369275,2.865000,3.000000,0.000000,1.204207
0.010000,0.224742,1.369870,1.398060,2.892000,2.700000,-30.000000,1.192869
0.010000,0.235613,1.396798,1.427100,2.916000,2.400000,-30.000000,1.181258
0.010000,0.246887,1.423804,1.456365,2.937000,2.100000,-30.000000,1.169385
0.010000,0.258561,1.450852,1.485825,2.955000,1.800000,-30.000000,1.157258
0.010000,0.270633,1.477906,1.515450,2.970000,1.500000,-30.000000,1.144889
0.010000,0.283099,1.504929,1.545210,2.982000,1.200000,-30.000000,1.132291
0.010000,0.295951,1.531887,1.575075,2.991000,0.900000,-30.000000,1.119476
0.010000,0.309184,1.558744,1.605015,2.997000,0.600000,-30.000000,1.106461
0.010000,0.322789,1.585464,1.635000,3.000000,0.300000,-30.000000,1.093261
0.010000,0.336754,1.612016,1.665000,3.000000,0.000000,-30.000000,1.079893
0.010000,0.351075,1.638377,1.695000,3.000000,0.000000,0.000000,1.066369
0.010000,0.365753,1.664540,1.725000,3.000000,0.000000,0.000000,1.052696
0.010000,0.380789,1.690500,1.755000,3.000000,0.000000,0.000000,1.038878
0.010000,0.396184,1.716248,1.785000,3.000000,0.000000,0.000000,1.024924
0.010000,0.411939,1.741778,1.815000,3.000000,0.000000,0.000000,1.010840
0.010000,0.428053,1.767083,1.845000,3.000000,0.000000,0.000000,0.996634
0.010000,0.444526,1.792155,1.875000,3.000000,0.000000,0.000000,0.982315
0.010000,0.461359,1.816987,1.905000,3.000000,0.000000,0.000000,0.967892
0.010000,0.478548,1.841574,1.935000,3.000000,0.000000,0.000000,0.953374
0.010000,0.496094,1.865907,1.965000,3.000000,0.000000,0.000000,0.938770
0.010000,0.513994,1.889982,1.995000,3.000000,0.000000,0.000000,0.924091
0.010000,0.532247,1.913790,2.025000,3.000000,0.000000,0.000000,0.909348
0.010000,0.550849,1.937326,2.055000,3.000000,0.000000,0.000000,0.894552
0.010000,0.569798,1.960584,2.085000,3.000000,0.000000,0.000000,0.879713
0.010000,0.589090,1.983557,2.115000,3.000000,0.000000,0.000000,0.864844
0.010000,0.608722,2.006241,2.145000,3.000000,0.000000,0.000000,0.849956
0.010000,0.628690,2.028631,2.175000,3.000000,0.000000,0.000000,0.835060
0.010000,0.648989,2.050720,2.205000,3.000000,0.000000,0.000000,0.820169
0.010000,0.669614,2.072505,2.235000,3.000000,0.000000,0.000000,0.805295
0.010000,0.690561,2.093981,2.265000,3.000000,0.000000,0.000000,0.790449
0.010000,0.711824,2.115144,2.295000,3.000000,0.000000,0.000000,0.775644
0.010000,0.733397,2.135990,2.325000,3.000000,0.000000,0.000000,0.760890
0.010000,0.755275,2.156517,2.355000,3.000000,0.000000,0.000000,0.746200
0.010000,0.777452,2.176720,2.385000,3.000000,0.000000,0.000000,0.731584
0.010000,0.799920,2.196599,2.415000,3.000000,0.000000,0.000000,0.717054
0.010000,0.822674,2.216150,2.445000,3.000000,0.000000,0.000000,0.702619
0.010000,0.845707,2.235371,2.475000,3.000000,0.000000,0.000000,0.688291
0.010000,0.869012,2.254262,2.505000,3.000000,0.000000,0.000000,0.674079
0.010000,0.892581,2.272822,2.535000,3.000000,0.000000,0.000000,0.659993
0.010000,0.916409,2.291049,2.565000,3.000000,0.000000,0.000000,0.646040
0.010000,0.940488,2.308943,2.595000,3.000000,0.000000,0.000000,0.632230
0.010000,0.964809,2.326506,2.625000,3.000000,0.000000,0.000000,0.618570
0.010000,0.989368,2.343736,2.655000,3.000000,0.000000,0.000000,0.605068
0.010000,1.014155,2.360635,2.685000,3.000000,0.000000,0.000000,0.591730
0.010000,1.039164,2.377204,2.715000,3.000000,0.000000,0.000000,0.578563
0.010000,1.064387,2.393445,2.745000,3.000000,0.000000,0.000000,0.565572
0.010000,1.089818,2.409359,2.775000,3.000000,0.000000,0.000000,0.552762
0.010000,1.115450,2.424948,2.805000,3.000000,0.000000,0.000000,0.540137
0.010000,1.141274,2.440215,2.835000,3.000000,0.000000,0.000000,0.527703
0.010000,1.167285,2.455162,2.865000,3.000000,0.000000,0.000000,0.515462
0.010000,1.193476,2.469792,2.895000,3.000000,0.000000,0.000000,0.503417
0.010000,1.219839,2.484108,2.925000,3.000000,0.000000,0.000000,0.491570
0.010000,1.246369,2.498114,2.955000,3.000000,0.000000,0.000000,0.479925
0.010000,1.273059,2.511812,2.985000,3.000000,0.000000,0.000000,0.468482
0.010000,1.299903,2.525207,3.015000,3.000000,0.000000,0.000000,0.457243
0.010000,1.326894,2.538302,3.045000,3.000000,0.000000,0.000000,0.446208
0.010000,1.354026,2.551101,3.075000,3.000000,0.000000,0.000000,0.435377
0.010000,1.381294,2.563609,3.105000,3.000000,0.000000,0.000000,0.424752
0.010000,1.408693,2.575828,3.135000,3.000000,0.000000,0.000000,0.414331
0.010000,1.436216,2.587765,3.165000,3.000000,0.000000,0.000000,0.404114
0.010000,1.463858,2.599422,3.195000,3.000000,0.000000,0.000000,0.394101
0.010000,1.491614,2.610805,3.225000,3.000000,0.000000,0.000000,0.384289
0.010000,1.519480,2.621918,3.255000,3.000000,0.000000,0.000000,0.374678
0.010000,1.547450,2.632765,3.285000,3.000000,0.000000,0.000000,0.365267
0.010000,1.575520,2.643351,3.315000,3.000000,0.000000,0.000000,0.356052
0.010000,1.603686,2.653681,3.345000,3.000000,0.000000,0.000000,0.347033
0.010000,1.631942,2.663759,3.375000,3.000000,0.000000,0.000000,0.338208
0.010000,1.660285,2.673590,3.405000,3.000000,0.000000,0.000000,0.329574
0.010000,1.688712,2.683179,3.435000,3.000000,0.000000,0.000000,0.321128
0.010000,1.717217,2.692530,3.465000,3.000000,0.000000,0.000000,0.312869
0.010000,1.745798,2.701648,3.495000,3.000000,0.000000,0.000000,0.304794
0.010000,1.774450,2.710537,3.525000,3.000000,0.000000,0.000000,0.296901
0.010000,1.803172,2.719203,3.555000,3.000000,0.000000,0.000000,0.289186
0.010000,1.831958,2.727649,3.585000,3.000000,0.000000,0.000000,0.281647
0.010000,1.860806,2.735881,3.615000,3.000000,0.000000,0.000000,0.274281
0.010000,1.889714,2.743902,3.645000,3.000000,0.000000,0.000000,0.267085
0.010000,1.918678,2.751718,3.675000,3.000000,0.000000,0.000000,0.260058
0.010000,1.947696,2.759332,3.705000,3.000000,0.000000,0.000000,0.253195
0.010000,1.976764,2.766749,3.735000,3.000000,0.000000,0.000000,0.246494
0.010000,2.005881,2.773973,3.765000,3.000000,0.000000,0.000000,0.239952
0.010000,2.035045,2.781010,3.795000,3.000000,0.000000,0.000000,0.233568
0.010000,2.064251,2.787862,3.825000,3.000000,0.000000,0.000000,0.227336
0.010000,2.093500,2.794534,3.855000,3.000000,0.000000,0.000000,0.221256
0.010000,2.122788,2.801030,3.885000,3.000000,0.000000,0.000000,0.215324
0.010000,2.152114,2.807355,3.915000,3.000000,0.000000,0.000000,0.209538
0.010000,2.181475,2.813512,3.945000,3.000000,0.000000,0.000000,0.203895
0.010000,2.210870,2.819506,3.975000,3.000000,0.000000,0.000000,0.198392
0.010000,2.240298,2.825339,4.005000,3.000000,0.000000,0.000000,0.193027
0.010000,2.269755,2.831017,4.035000,3.000000,0.000000,0.000000,0.187797
0.010000,2.299242,2.836542,4.065000,3.000000,0.000000,0.000000,0.182700
0.010000,2.328756,2.841919,4.095000,3.000000,0.000000,0.000000,0.177734
0.010000,2.358297,2.847151,4.125000,3.000000,0.000000,0.000000,0.172895
0.010000,2.387861,2.852242,4.155000,3.000000,0.000000,0.000000,0.168182
0.010000,2.417450,2.857196,4.185000,3.000000,0.000000,0.000000,0.163593
0.010000,2.447060,2.862015,4.215000,3.000000,0.000000,0.000000,0.159125
0.010000,2.476691,2.866704,4.245000,3.000000,0.000000,0.000000,0.154775
0.010000,2.506342,2.871266,4.275000,3.000000,0.000000,0.000000,0.150543
0.010000,2.536012,2.875704,4.305000,3.000000,0.000000,0.000000,0.146425
0.010000,2.565700,2.880021,4.335000,3.000000,0.000000,0.000000,0.142420
0.010000,2.595404,2.884221,4.365000,3.000000,0.000000,0.000000,0.138527
0.010000,2.625125,2.888307,4.395000,3.000000,0.000000,0.000000,0.134742
0.010000,2.654860,2.892282,4.425000,3.000000,0.000000,0.000000,0.131064
0.010000,2.684610,2.896150,4.455000,3.000000,0.000000,0.000000,0.127491
0.010000,2.714373,2.899912,4.485000,3.000000,0.000000,0.000000,0.124022
0.010000,2.744149,2.903573,4.515000,3.000000,0.000000,0.000000,0.120654
0.010000,2.773937,2.907135,4.545000,3.000000,0.000000,0.000000,0.117387
0.010000,2.803736,2.910601,4.575000,3.000000,0.000000,0.000000,0.114219
0.010000,2.833546,2.913974,4.605000,3.000000,0.000000,0.000000,0.111147
0.010000,2.863365,2.917257,4.635000,3.000000,0.000000,0.000000,0.108171
0.010000,2.893195,2.920453,4.665000,3.000000,0.000000,0.000000,0.105289
0.010000,2.923033,2.923564,4.695000,3.000000,0.000000,0.000000,0.102500
0.010000,2.952880,2.926593,4.725000,3.000000,0.000000,0.000000,0.099802
0.010000,2.982734,2.929543,4.755000,3.000000,0.000000,0.000000,0.097194
0.010000,3.012596,2.932416,4.785000,3.000000,0.000000,0.000000,0.094675
0.010000,3.042465,2.935216,4.815000,3.000000,0.000000,0.000000,0.092243
0.010000,3.072341,2.937944,4.845000,3.000000,0.000000,0.000000,0.089898
0.010000,3.102223,2.940603,4.875000,3.000000,0.000000,0.000000,0.087637
0.010000,3.132111,2.943196,4.905000,3.000000,0.000000,0.000000,0.085461
0.010000,3.162004,2.945725,4.935000,3.000000,0.000000,0.000000,0.083369
0.010000,3.191902,2.948193,4.965000,3.000000,0.000000,0.000000,0.081358
0.010000,3.221805,2.950602,4.995000,3.000000,0.000000,0.000000,0.079428
0.010000,3.251713,2.952955,5.025000,3.000000,0.000000,0.000000,0.077579
0.010000,3.281625,2.955253,5.055000,3.000000,0.000000,0.000000,0.075809
0.010000,3.311541,2.957500,5.085000,3.000000,0.000000,0.000000,0.074117
0.010000,3.341460,2.959697,5.115000,3.000000,0.000000,0.000000,0.072503
0.010000,3.371383,2.961847,5.145000,3.000000,0.000000,0.000000,0.070966
0.010000,3.401309,2.963952,5.175000,3.000000,0.000000,0.000000,0.069506
0.010000,3.431238,2.966014,5.205000,3.000000,0.000000,0.000000,0.068120
0.010000,3.461170,2.968037,5.235000,3.000000,0.000000,0.000000,0.066810
0.010000,3.491104,2.970021,5.265000,3.000000,0.000000,0.000000,0.065574
0.010000,3.521041,2.971969,5.295000,3.000000,0.000000,0.000000,0.064412
0.010000,3.550979,2.973884,5.325000,3.000000,0.000000,0.000000,0.063323
0.010000,3.580920,2.975767,5.355000,3.000000,0.000000,0.000000,0.062306
0.010000,3.610863,2.977620,5.385000,3.000000,0.000000,0.000000,0.061362
0.010000,3.640807,2.979447,5.415000,3.000000,0.000000,0.000000,0.060489
0.010000,3.670753,2.981248,5.445000,3.000000,0.000000,0.000000,0.059688
0.010000,3.700700,2.983027,5.475000,3.000000,0.000000,0.000000,0.058958
0.010000,3.730649,2.984784,5.505000,3.000000,0.000000,0.000000,0.058298
0.010000,3.760598,2.986523,5.535000,3.000000,0.000000,0.000000,0.057708
0.010000,3.790549,2.988246,5.565000,3.000000,0.000000,0.000000,0.057189
0.010000,3.820500,2.989953,5.595000,3.000000,0.000000,0.000000,0.056740
0.010000,3.850452,2.991649,5.625000,3.000000,0.000000,0.000000,0.056360
0.010000,3.880405,2.993334,5.655000,3.000000,0.000000,0.000000,0.056049
0.010000,3.910358,2.995011,5.685000,3.000000,0.000000,0.000000,0.055808
0.010000,3.940312,2.996681,5.715000,3.000000,0.000000,0.000000,0.055636
0.010000,3.970265,2.998348,5.745000,3.000000,0.000000,0.000000,0.055533
0.010000,4.000219,3.000012,5.775000,3.000000,0.000000,0.000000,0.055499
0.010000,4.030173,3.001677,5.805000,3.000000,0.000000,0.000000,0.055534
0.010000,4.060126,3.003343,5.835000,3.000000,0.000000,0.000000,0.055638
0.010000,4.090080,3.005014,5.865000,3.000000,0.000000,0.000000,0.055811
0.010000,4.120033,3.006691,5.895000,3.000000,0.000000,0.000000,0.056053
0.010000,4.149986,3.008376,5.925000,3.000000,0.000000,0.000000,0.056365
0.010000,4.179938,3.010072,5.955000,3.000000,0.000000,0.000000,0.056746
0.010000,4.209889,3.011780,5.985000,3.000000,0.000000,0.000000,0.057196
0.010000,4.239840,3.013502,6.015000,3.000000,0.000000,0.000000,0.057717
0.010000,4.269789,3.015241,6.045000,3.000000,0.000000,0.000000,0.058307
0.010000,4.299738,3.016999,6.075000,3.000000,0.000000,0.000000,0.058968
0.010000,4.329685,3.018778,6.105000,3.000000,0.000000,0.000000,0.059699
0.010000,4.359631,3.020580,6.135000,3.000000,0.000000,0.000000,0.060501
0.010000,4.389575,3.022407,6.165000,3.000000,0.000000,0.000000,0.061375
0.010000,4.419518,3.024261,6.195000,3.000000,0.000000,0.000000,0.062321
0.010000,4.449458,3.026144,6.225000,3.000000,0.000000,0.000000,0.063338
0.010000,4.479397,3.028059,6.255000,3.000000,0.000000,0.000000,0.064428
0.010000,4.509334,3.030008,6.285000,3.000000,0.000000,0.000000,0.065592
0.010000,4.539268,3.031993,6.315000,3.000000,0.000000,0.000000,0.066829
0.010000,4.569200,3.034015,6.345000,3.000000,0.000000,0.000000,0.068140
0.010000,4.599129,3.036079,6.375000,3.000000,0.000000,0.000000,0.069526
0.010000,4.629055,3.038184,6.405000,3.000000,0.000000,0.000000,0.070988
0.010000,4.658978,3.040335,6.435000,3.000000,0.000000,0.000000,0.072526
0.010000,4.688897,3.042533,6.465000,3.000000,0.000000,0.000000,0.074141
0.010000,4.718813,3.044780,6.495000,3.000000,0.000000,0.000000,0.075834
0.010000,4.748724,3.047079,6.525000,3.000000,0.000000,0.000000,0.077605
0.010000,4.778632,3.049433,6.555000,3.000000,0.000000,0.000000,0.079456
0.010000,4.808535,3.051842,6.585000,3.000000,0.000000,0.000000,0.081387
0.010000,4.838433,3.054311,6.615000,3.000000,0.000000,0.000000,0.083399
0.010000,4.868326,3.056841,6.645000,3.000000,0.000000,0.000000,0.085493
0.010000,4.898214,3.059435,6.675000,3.000000,0.000000,0.000000,0.087670
0.010000,4.928096,3.062096,6.705000,3.000000,0.000000,0.000000,0.089931
0.010000,4.957971,3.064825,6.735000,3.000000,0.000000,0.000000,0.092278
0.010000,4.987840,3.067625,6.765000,3.000000,0.000000,0.000000,0.094711
0.010000,5.017702,3.070500,6.795000,3.000000,0.000000,0.000000,0.097231
0.010000,5.047557,3.073451,6.825000,3.000000,0.000000,0.000000,0.099841
0.010000,5.077403,3.076481,6.855000,3.000000,0.000000,0.000000,0.102540
0.010000,5.107242,3.079593,6.885000,3.000000,0.000000,0.000000,0.105331
0.010000,5.137071,3.082790,6.915000,3.000000,0.000000,0.000000,0.108214
0.010000,5.166890,3.086075,6.945000,3.000000,0.000000,0.000000,0.111191
0.010000,5.196700,3.089449,6.975000,3.000000,0.000000,0.000000,0.114264
0.010000,5.226499,3.092916,7.005000,3.000000,0.000000,0.000000,0.117434
0.010000,5.256287,3.096480,7.035000,3.000000,0.000000,0.000000,0.120703
0.010000,5.286062,3.100142,7.065000,3.000000,0.000000,0.000000,0.124072
0.010000,5.315825,3.103906,7.095000,3.000000,0.000000,0.000000,0.127542
0.010000,5.345575,3.107775,7.125000,3.000000,0.000000,0.000000,0.131117
0.010000,5.375310,3.111752,7.155000,3.000000,0.000000,0.000000,0.134796
0.010000,5.405030,3.115839,7.185000,3.000000,0.000000,0.000000,0.138583
0.010000,5.434734,3.120041,7.215000,3.000000,0.000000,0.000000,0.142478
0.010000,5.464422,3.124360,7.245000,3.000000,0.000000,0.000000,0.146485
0.010000,5.494091,3.128800,7.275000,3.000000,0.000000,0.000000,0.150604
0.010000,5.523742,3.133363,7.305000,3.000000,0.000000,0.000000,0.154838
0.010000,5.553373,3.138054,7.335000,3.000000,0.000000,0.000000,0.159189
0.010000,5.582983,3.142876,7.365000,3.000000,0.000000,0.000000,0.163659
0.010000,5.612571,3.147831,7.395000,3.000000,0.000000,0.000000,0.168250
0.010000,5.642136,3.152924,7.425000,3.000000,0.000000,0.000000,0.172965
0.010000,5.671675,3.158158,7.455000,3.000000,0.000000,0.000000,0.177805
0.010000,5.701189,3.163538,7.485000,3.000000,0.000000,0.000000,0.182774
0.010000,5.730676,3.169065,7.515000,3.000000,0.000000,0.000000,0.187873
0.010000,5.760133,3.174745,7.545000,3.000000,0.000000,0.000000,0.193104
0.010000,5.789560,3.180581,7.575000,3.000000,0.000000,0.000000,0.198471
0.010000,5.818954,3.186577,7.605000,3.000000,0.000000,0.000000,0.203976
0.010000,5.848315,3.192736,7.635000,3.000000,0.000000,0.000000,0.209622
0.010000,5.877640,3.199063,7.665000,3.000000,0.000000,0.000000,0.215410
0.010000,5.906928,3.205562,7.695000,3.000000,0.000000,0.000000,0.221344
0.010000,5.936176,3.212237,7.725000,3.000000,0.000000,0.000000,0.227426
0.010000,5.965382,3.219092,7.755000,3.000000,0.000000,0.000000,0.233660
0.010000,5.994545,3.226131,7.785000,3.000000,0.000000,0.000000,0.240047
0.010000,6.023661,3.233358,7.815000,3.000000,0.000000,0.000000,0.246591
0.010000,6.052729,3.240778,7.845000,3.000000,0.000000,0.000000,0.253294
0.010000,6.081746,3.248395,7.875000,3.000000,0.000000,0.000000,0.260159
0.010000,6.110709,3.256214,7.905000,3.000000,0.000000,0.000000,0.267189
0.010000,6.139616,3.264238,7.935000,3.000000,0.000000,0.000000,0.274387
0.010000,6.168464,3.272473,7.965000,3.000000,0.000000,0.000000,0.281756
0.010000,6.197249,3.280922,7.995000,3.000000,0.000000,0.000000,0.289297
0.010000,6.225969,3.289591,8.025000,3.000000,0.000000,0.000000,0.297015
0.010000,6.254621,3.298484,8.055000,3.000000,0.000000,0.000000,0.304911
0.010000,6.283200,3.307605,8.085000,3.000000,0.000000,0.000000,0.312989
0.010000,6.311705,3.316959,8.115000,3.000000,0.000000,0.000000,0.321251
0.010000,6.340130,3.326552,8.145000,3.000000,0.000000,0.000000,0.329699
0.010000,6.368472,3.336386,8.175000,3.000000,0.000000,0.000000,0.338336
0.010000,6.396727,3.346468,8.205000,3.000000,0.000000,0.000000,0.347164
0.010000,6.424891,3.356802,8.235000,3.000000,0.000000,0.000000,0.356186
0.010000,6.452959,3.367392,8.265000,3.000000,0.000000,0.000000,0.365403
0.010000,6.480928,3.378243,8.295000,3.000000,0.000000,0.000000,0.374817
0.010000,6.508792,3.389360,8.325000,3.000000,0.000000,0.000000,0.384431
0.010000,6.536547,3.400746,8.355000,3.000000,0.000000,0.000000,0.394246
0.010000,6.564188,3.412408,8.385000,3.000000,0.000000,0.000000,0.404262
0.010000,6.591709,3.424348,8.415000,3.000000,0.000000,0.000000,0.414482
0.010000,6.619105,3.436572,8.445000,3.000000,0.000000,0.000000,0.424906
0.010000,6.646372,3.449084,8.475000,3.000000,0.000000,0.000000,0.435534
0.010000,6.673502,3.461887,8.505000,3.000000,0.000000,0.000000,0.446367
0.010000,6.700491,3.474987,8.535000,3.000000,0.000000,0.000000,0.457405
0.010000,6.727332,3.488386,8.565000,3.000000,0.000000,0.000000,0.468648
0.010000,6.754020,3.502089,8.595000,3.000000,0.000000,0.000000,0.480094
0.010000,6.780547,3.516099,8.625000,3.000000,0.000000,0.000000,0.491742
0.010000,6.806908,3.530420,8.655000,3.000000,0.000000,0.000000,0.503591
0.010000,6.833096,3.545054,8.685000,3.000000,0.000000,0.000000,0.515639
0.010000,6.859105,3.560006,8.715000,3.000000,0.000000,0.000000,0.527883
0.010000,6.884927,3.575278,8.745000,3.000000,0.000000,0.000000,0.540321
0.010000,6.910555,3.590872,8.775000,3.000000,0.000000,0.000000,0.552948
0.010000,6.935983,3.606790,8.805000,3.000000,0.000000,0.000000,0.565760
0.010000,6.961204,3.623036,8.835000,3.000000,0.000000,0.000000,0.578754
0.010000,6.986209,3.639610,8.865000,3.000000,0.000000,0.000000,0.591924
0.010000,7.010993,3.656514,8.895000,3.000000,0.000000,0.000000,0.605265
0.010000,7.035548,3.673749,8.925000,3.000000,0.000000,0.000000,0.618769
0.010000,7.059866,3.691316,8.955000,3.000000,0.000000,0.000000,0.632431
0.010000,7.083941,3.709215,8.985000,3.000000,0.000000,0.000000,0.646243
0.010000,7.107765,3.727447,9.015000,3.000000,0.000000,0.000000,0.660198
0.010000,7.131331,3.746012,9.045000,3.000000,0.000000,0.000000,0.674286
0.010000,7.154632,3.764907,9.075000,3.000000,0.000000,0.000000,0.688500
0.010000,7.177661,3.784134,9.105000,3.000000,0.000000,0.000000,0.702830
0.010000,7.200411,3.803690,9.135000,3.000000,0.000000,0.000000,0.717265
0.010000,7.222875,3.823573,9.165000,3.000000,0.000000,0.000000,0.731797
0.010000,7.245047,3.843781,9.195000,3.000000,0.000000,0.000000,0.746414
0.010000,7.266920,3.864313,9.225000,3.000000,0.000000,0.000000,0.761105
0.010000,7.288489,3.885164,9.255000,3.000000,0.000000,0.000000,0.775860
0.010000,7.309748,3.906331,9.285000,3.000000,0.000000,0.000000,0.790666
0.010000,7.330690,3.927812,9.315000,3.000000,0.000000,0.000000,0.805512
0.010000,7.351310,3.949601,9.345000,3.000000,0.000000,0.000000,0.820387
0.010000,7.371605,3.971695,9.375000,3.000000,0.000000,0.000000,0.835278
0.010000,7.391567,3.994088,9.405000,3.000000,0.000000,0.000000,0.850173
0.010000,7.411194,4.016777,9.435000,3.000000,0.000000,0.000000,0.865062
0.010000,7.430482,4.039755,9.465000,3.000000,0.000000,0.000000,0.879930
0.010000,7.449425,4.063016,9.495000,3.000000,0.000000,0.000000,0.894769
0.010000,7.468022,4.086556,9.525000,3.000000,0.000000,0.000000,0.909564
0.010000,7.486270,4.110369,9.555000,3.000000,0.000000,0.000000,0.924306
0.010000,7.504165,4.134447,9.585000,3.000000,0.000000,0.000000,0.938984
0.010000,7.521706,4.158784,9.615000,3.000000,0.000000,0.000000,0.953586
0.010000,7.538890,4.183374,9.645000,3.000000,0.000000,0.000000,0.968104
0.010000,7.555717,4.208210,9.675000,3.000000,0.000000,0.000000,0.982526
0.010000,7.572185,4.233286,9.705000,3.000000,0.000000,0.000000,0.996843
0.010000,7.588294,4.258594,9.735000,3.000000,0.000000,0.000000,1.011047
0.010000,7.604044,4.284127,9.765000,3.000000,0.000000,0.000000,1.025129
0.010000,7.619434,4.309878,9.795000,3.000000,0.000000,0.000000,1.039082
0.010000,7.634465,4.335841,9.825000,3.000000,0.000000,0.000000,1.052897
0.010000,7.649137,4.362008,9.855000,3.000000,0.000000,0.000000,1.066568
0.010000,7.663453,4.388371,9.885000,3.000000,0.000000,0.000000,1.080090
0.010000,7.677412,4.414924,9.914999,2.999789,-0.021054,-2.105392,1.093455
0.010000,7.691010,4.441645,9.944981,2.996579,-0.321054,-30.000000,1.106651
0.010000,7.704236,4.468499,9.974916,2.990368,-0.621054,-30.000000,1.119662
0.010000,7.717081,4.495453,10.004773,2.981158,-0.921054,-30.000000,1.132470
0.010000,7.729537,4.522470,10.034524,2.968947,-1.221054,-30.000000,1.145062
0.010000,7.741600,4.549515,10.064137,2.953737,-1.521054,-30.000000,1.157424
0.010000,7.753264,4.576552,10.093583,2.935526,-1.821054,-30.000000,1.169543
0.010000,7.764528,4.603545,10.122833,2.914316,-2.121054,-30.000000,1.181408
0.010000,7.775389,4.630458,10.151855,2.890105,-2.421054,-30.000000,1.193009
0.010000,7.785847,4.657255,10.180620,2.862895,-2.721054,-30.000000,1.204337
0.010000,7.795904,4.683899,10.209099,2.832895,-3.000000,-27.894608,1.215386
0.010000,7.805567,4.710369,10.237278,2.802895,-3.000000,0.000000,1.226153
0.010000,7.814848,4.736657,10.265157,2.772895,-3.000000,0.000000,1.236644
0.010000,7.823759,4.762757,10.292736,2.742895,-3.000000,-0.000000,1.246864
0.010000,7.832313,4.788660,10.320014,2.712895,-3.000000,0.000000,1.256819
0.010000,7.840520,4.814360,10.346993,2.682895,-3.000000,-0.000000,1.266515
0.010000,7.848393,4.839851,10.373672,2.652895,-3.000000,0.000000,1.275956
0.010000,7.855942,4.865126,10.400051,2.622895,-3.000000,-0.000000,1.285149
0.010000,7.863178,4.890181,10.426130,2.592895,-3.000000,0.000000,1.294099
0.010000,7.870112,4.915010,10.451909,2.562895,-3.000000,-0.000000,1.302811
0.010000,7.876754,4.939608,10.477388,2.532895,-3.000000,0.000000,1.311293
0.010000,7.883114,4.963970,10.502567,2.502895,-3.000000,0.000000,1.319548
0.010000,7.889202,4.988093,10.527446,2.472895,-3.000000,0.000000,1.327584
0.010000,7.895028,5.011971,10.552025,2.442895,-3.000000,-0.000000,1.335405
0.010000,7.900600,5.035602,10.576304,2.412895,-3.000000,0.000000,1.343016
0.010000,7.905928,5.058982,10.600283,2.382895,-3.000000,0.000000,1.350424
0.010000,7.911021,5.082106,10.623962,2.352895,-3.000000,0.000000,1.357634
0.010000,7.915886,5.104973,10.647341,2.322895,-3.000000,-0.000000,1.364650
0.010000,7.920533,5.127580,10.670420,2.292895,-3.000000,0.000000,1.371478
0.010000,7.924969,5.149923,10.693199,2.262895,-3.000000,0.000000,1.378122
0.010000,7.929201,5.171999,10.715678,2.232895,-3.000000,0.000000,1.384589
0.010000,7.933239,5.193808,10.737857,2.202895,-3.000000,-0.000000,1.390881
0.010000,7.937088,5.215345,10.759735,2.172895,-3.000000,0.000000,1.397004
0.010000,7.940756,5.236610,10.781314,2.142895,-3.000000,0.000000,1.402962
0.010000,7.944249,5.257600,10.802593,2.112895,-3.000000,-0.000000,1.408760
0.010000,7.947575,5.278314,10.823572,2.082895,-3.000000,0.000000,1.414402
0.010000,7.950740,5.298749,10.844251,2.052895,-3.000000,-0.000000,1.419892
0.010000,7.953750,5.318905,10.864630,2.022895,-3.000000,0.000000,1.425234
0.010000,7.956610,5.338779,10.884709,1.992895,-3.000000,-0.000000,1.430432
0.010000,7.959328,5.358370,10.904488,1.962895,-3.000000,0.000000,1.435489
0.010000,7.961908,5.377678,10.923967,1.932895,-3.000000,-0.000000,1.440409
0.010000,7.964356,5.396700,10.943146,1.902895,-3.000000,0.000000,1.445196
0.010000,7.966677,5.415435,10.962025,1.872895,-3.000000,-0.000000,1.449853
0.010000,7.968877,5.433883,10.980604,1.842895,-3.000000,0.000000,1.454383
0.010000,7.970960,5.452043,10.998883,1.812895,-3.000000,-0.000000,1.458789
0.010000,7.972931,5.469914,11.016862,1.782895,-3.000000,0.000000,1.463076
0.010000,7.974795,5.487494,11.034541,1.752895,-3.000000,-0.000000,1.467244
0.010000,7.976556,5.504784,11.051920,1.722895,-3.000000,0.000000,1.471298
0.010000,7.978219,5.521782,11.068999,1.692895,-3.000000,0.000000,1.475241
0.010000,7.979788,5.538487,11.085778,1.662895,-3.000000,-0.000000,1.479074
0.010000,7.981267,5.554899,11.102257,1.632895,-3.000000,0.000000,1.482800
0.010000,7.982660,5.571018,11.118435,1.602895,-3.000000,-0.000000,1.486422
0.010000,7.983970,5.586843,11.134314,1.572895,-3.000000,0.000000,1.489943
0.010000,7.985201,5.602373,11.149893,1.542895,-3.000000,-0.000000,1.493364
0.010000,7.986358,5.617608,11.165172,1.512895,-3.000000,0.000000,1.496688
0.010000,7.987443,5.632548,11.180151,1.482895,-3.000000,-0.000000,1.499917
0.010000,7.988459,5.647192,11.194830,1.452895,-3.000000,0.000000,1.503053
0.010000,7.989411,5.661539,11.209209,1.422895,-3.000000,-0.000000,1.506098
0.010000,7.990300,5.675590,11.223288,1.392895,-3.000000,0.000000,1.509054
0.010000,7.991131,5.689344,11.237067,1.362895,-3.000000,-0.000000,1.511923
0.010000,7.991905,5.702800,11.250546,1.332895,-3.000000,0.000000,1.514707
0.010000,7.992626,5.715960,11.263725,1.302895,-3.000000,0.000000,1.517407
0.010000,7.993297,5.728821,11.276604,1.272895,-3.000000,-0.000000,1.520025
0.010000,7.993919,5.741385,11.289183,1.242895,-3.000000,0.000000,1.522563
0.010000,7.994496,5.753650,11.301462,1.212895,-3.000000,-0.000000,1.525022
0.010000,7.995030,5.765617,11.313441,1.182895,-3.000000,0.000000,1.527403
0.010000,7.995523,5.777286,11.325120,1.152895,-3.000000,-0.000000,1.529709
0.010000,7.995978,5.788656,11.336499,1.122895,-3.000000,0.000000,1.531940
0.010000,7.996396,5.799727,11.347578,1.092895,-3.000000,0.000000,1.534098
0.010000,7.996780,5.810499,11.358356,1.062895,-3.000000,-0.000000,1.536184
0.010000,7.997132,5.820972,11.368835,1.032895,-3.000000,0.000000,1.538199
0.010000,7.997454,5.831146,11.379014,1.002895,-3.000000,0.000000,1.540145
0.010000,7.997748,5.841020,11.388893,0.972895,-3.000000,0.000000,1.542022
0.010000,7.998015,5.850595,11.398472,0.942895,-3.000000,0.000000,1.543832
0.010000,7.998257,5.859871,11.407751,0.912895,-3.000000,-0.000000,1.545575
0.010000,7.998476,5.868847,11.416730,0.882895,-3.000000,0.000000,1.547253
0.010000,7.998673,5.877524,11.425409,0.852895,-3.000000,0.000000,1.548867
0.010000,7.998850,5.885901,11.433788,0.822895,-3.000000,0.000000,1.550417
0.010000,7.999009,5.893979,11.441867,0.792895,-3.000000,0.000000,1.551905
0.010000,7.999150,5.901756,11.449646,0.762895,-3.000000,0.000000,1.553331
0.010000,7.999276,5.909234,11.457125,0.732895,-3.000000,0.000000,1.554695
0.010000,7.999387,5.916412,11.464304,0.702895,-3.000000,-0.000000,1.556000
0.010000,7.999484,5.923290,11.471183,0.672895,-3.000000,0.000000,1.557244
0.010000,7.999569,5.929869,11.477762,0.642895,-3.000000,0.000000,1.558430
0.010000,7.999643,5.936147,11.484041,0.612895,-3.000000,0.000000,1.559558
0.010000,7.999707,5.942126,11.490020,0.582895,-3.000000,0.000000,1.560628
0.010000,7.999762,5.947805,11.495699,0.552895,-3.000000,0.000000,1.561641
0.010000,7.999809,5.953183,11.501078,0.522895,-3.000000,0.000000,1.562597
0.010000,7.999848,5.958262,11.506156,0.492895,-3.000000,-0.000000,1.563497
0.010000,7.999881,5.963041,11.510935,0.462895,-3.000000,0.000000,1.564342
0.010000,7.999908,5.967520,11.515414,0.432895,-3.000000,-0.000000,1.565131
0.010000,7.999930,5.971699,11.519593,0.402895,-3.000000,0.000000,1.565866
0.010000,7.999948,5.975578,11.523472,0.372895,-3.000000,0.000000,1.566547
0.010000,7.999962,5.979157,11.527051,0.342895,-3.000000,-0.000000,1.567173
0.010000,7.999973,5.982435,11.530330,0.312895,-3.000000,0.000000,1.567746
0.010000,7.999982,5.985414,11.533309,0.282895,-3.000000,0.000000,1.568265
0.010000,7.999988,5.988093,11.535988,0.252895,-3.000000,0.000000,1.568732
0.010000,7.999992,5.990472,11.538367,0.222895,-3.000000,0.000000,1.569145
0.010000,7.999995,5.992551,11.540446,0.192895,-3.000000,-0.000000,1.569506
0.010000,7.999997,5.994330,11.542225,0.162895,-3.000000,0.000000,1.569815
0.010000,7.999998,5.995810,11.543705,0.133105,-2.978946,2.105392,1.570071
0.010000,7.999999,5.997007,11.544902,0.106316,-2.678946,30.000000,1.570279
0.010000,8.000000,5.997952,11.545846,0.082526,-2.378946,30.000000,1.570442
0.010000,8.000000,5.998673,11.546568,0.061737,-2.078946,30.000000,1.570567
0.010000,8.000000,5.999201,11.547096,0.043947,-1.778946,30.000000,1.570658
0.010000,8.000000,5.999567,11.547461,0.029158,-1.478946,30.000000,1.570721
0.010000,8.000000,5.999799,11.547694,0.017368,-1.178946,30.000000,1.570762
0.010000,8.000000,5.999929,11.547824,0.008579,-0.878946,30.000000,1.570784
0.010000,8.000000,5.999986,11.547881,0.002789,-0.578946,30.000000,1.570794
0.010000,8.000000,6.000000,11.547895,0.000000,-0.278946,30.000000,1.570796
0.010000,8.000000,6.000000,11.547895,0.000000,0.000000,27.894608,1.570796
